ID,Question,Answer
1,What is artificial intelligence?,Artificial intelligence (AI) refers to the simulation of human intelligence in machines that are programmed to think and learn like humans.
2,What are the two types of AI?,The two types of AI are narrow AI (also known as weak AI) and general AI (also known as strong AI).
3,What is narrow AI?,Narrow AI is AI that is designed and trained for a particular task or set of tasks. It operates within a limited context and cannot perform tasks outside.
4,What is general AI?,"General AI is AI that has the ability to understand, learn, and apply its intelligence across a wide range of tasks, similar to human intelligence."
5,What are some examples of narrow AI?,"Some examples of narrow AI include virtual personal assistants (e.g., Siri, Alexa), recommendation systems, and image recognition software."
6,What are some challenges in AI?,"Some challenges in AI include ethical considerations, job displacement, and ensuring AI systems are transparent and accountable."
7,What is machine learning?,Machine learning is a subset of AI that allows computers to learn from data and improve over time without being explicitly programmed.
8,What are some popular machine learning algorithms?,"Some popular machine learning algorithms include linear regression, logistic regression, decision trees, random forests, support vector machines (SVM), and neural networks."
9,What is deep learning?,Deep learning is a subset of machine learning that uses neural networks with many layers to learn complex patterns in large amounts of data.
10,What are some applications of AI?,"Some applications of AI include natural language processing (NLP), computer vision, autonomous vehicles, healthcare, and finance."
11,What is the Turing Test?,"The Turing Test is a test of a machine's ability to exhibit intelligent behavior equivalent to, or indistinguishable from, that of a human."
12,What is reinforcement learning?,Reinforcement learning is a type of machine learning where an agent learns to make decisions by interacting with an environment and receiving rewards.
13,What is unsupervised learning?,Unsupervised learning is a type of machine learning where the model is trained on input data without any corresponding output labels.
14,What is supervised learning?,"Supervised learning is a type of machine learning where the model is trained on labeled data, with input-output pairs provided during training."
15,What is the difference between AI and machine learning?,AI is the broader concept of machines being able to carry out tasks in a smart way. Machine learning is a subset of AI where machines learn from data.
16,What are some popular programming languages for AI?,"Some popular programming languages for AI include Python, R, Java, and C++."
17,What is natural language processing (NLP)?,Natural language processing (NLP) is a field of AI that focuses on the interaction between computers and humans through natural language.
18,What are neural networks?,"Neural networks are a set of algorithms, modeled loosely after the human brain, that are designed to recognize patterns."
19,What is computer vision?,Computer vision is a field of AI that enables computers to interpret and understand the visual world through digital images or videos.
20,What is the difference between deep learning and machine learning?,"Deep learning is a subset of machine learning that uses neural networks with multiple layers to learn complex patterns, whereas machine learning encompasses a broader range of techniques."
21,What are some ethical considerations in AI?,"Ethical considerations in AI include fairness, accountability, transparency, privacy, and bias in algorithms."
22,What is overfitting in machine learning?,"Overfitting occurs when a model learns to capture noise in the training data rather than the underlying relationship, leading to poor generalization to new data."
23,What is transfer learning?,Transfer learning is a machine learning technique where a model trained on one task is repurposed for a related task with minimal or no modification.
24,What is data augmentation in deep learning?,"Data augmentation is the technique of artificially increasing the size of a training dataset by applying transformations such as rotation, flipping, or cropping to the existing data."
25,What is the difference between AI and robotics?,"AI focuses on creating systems capable of performing tasks that would typically require human intelligence, while robotics involves the design, construction, operation, and use of robots."
26,What is deep reinforcement learning?,"Deep reinforcement learning is a combination of deep learning and reinforcement learning, where neural networks are used to approximate the value function or policy of an agent in an environment to learn optimal behavior."
27,What is the difference between AI and automation?,"AI involves machines performing tasks that would typically require human intelligence, while automation refers to the use of technology to perform repetitive tasks without human intervention."
28,What are some popular AI frameworks and libraries?,"Some popular AI frameworks and libraries include TensorFlow, PyTorch, Keras, scikit-learn, and OpenAI Gym."
29,What is the difference between strong AI and weak AI?,"Strong AI, also known as artificial general intelligence (AGI), refers to AI systems with human-level intelligence, capable of understanding, reasoning, and learning across a wide range of tasks, while weak AI is specialized in one specific task."
30,What are some risks associated with AI?,"Risks associated with AI include job displacement, algorithmic bias, privacy concerns, security vulnerabilities, and the potential for misuse or malicious use of AI technologies."
31,What is the role of AI in healthcare?,"AI in healthcare includes applications such as medical imaging analysis, drug discovery, personalized treatment plans, virtual health assistants, and predictive analytics for patient outcomes."
32,What is AI ethics?,"AI ethics is the study of moral principles and values concerning the development and use of artificial intelligence systems, focusing on fairness, accountability, transparency, privacy, and the impact on society."
33,What is natural language generation (NLG)?,"Natural language generation (NLG) is a branch of AI that involves the automatic generation of human-like text or speech based on input data or rules, used in applications such as chatbots, content creation, and automated reporting."
34,What is AI bias and how can it be mitigated?,"AI bias refers to systematic errors in AI systems that result in unfair or discriminatory outcomes. It can be mitigated through techniques such as data preprocessing, algorithmic fairness measures, and diverse model training data."
35,What is AI explainability?,"AI explainability refers to the ability to understand and interpret the decisions and behavior of AI systems, especially for complex models like deep neural networks, to ensure transparency and trustworthiness."
36,What is the difference between AI and machine perception?,"AI involves the broader concept of machines exhibiting intelligent behavior, while machine perception specifically refers to the ability of machines to interpret and understand data from the real world, such as images, sounds, and text."
37,What are some real-world applications of AI in business?,"Some real-world applications of AI in business include customer service chatbots, predictive analytics for sales forecasting, fraud detection in financial transactions, recommendation systems for personalized marketing, and supply chain optimization."
38,What is the role of AI in autonomous vehicles?,"AI plays a crucial role in autonomous vehicles by enabling tasks such as object detection and recognition, path planning, decision-making in real-time traffic scenarios, and sensor fusion to perceive the surrounding environment accurately."
39,What is generative adversarial networks (GANs)?,"Generative adversarial networks (GANs) are a class of deep learning models consisting of two neural networks, the generator and the discriminator, trained simultaneously in a game-like setting to generate realistic data samples, such as images, audio, or text."
40,What are some challenges in deploying AI systems in production?,"Some challenges in deploying AI systems in production include data quality and availability, scalability, integration with existing systems, regulatory compliance, ethical considerations, model interpretability, and ongoing maintenance and updates."
41,What is AI explainability and why is it important?,"AI explainability refers to the ability to understand and interpret the decisions made by AI systems. It is important for transparency, accountability, trustworthiness, and compliance with regulations, especially in critical domains such as healthcare and finance."
42,What is the role of AI in climate change mitigation?,"AI can contribute to climate change mitigation through applications such as optimizing energy consumption in buildings and transportation, predicting extreme weather events, monitoring deforestation, and optimizing renewable energy systems like wind and solar."
43,What is the difference between artificial intelligence and augmented intelligence?,"Artificial intelligence involves machines performing tasks autonomously, while augmented intelligence refers to AI systems that enhance human intelligence and decision-making by providing insights, recommendations, and assistance in decision-making processes."
44,What is the role of AI in cybersecurity?,"AI is used in cybersecurity for tasks such as threat detection and response, anomaly detection in network traffic, behavior analysis to identify malicious activities, phishing detection, and generating predictive risk assessments for proactive defense measures."
45,What is the significance of AI in education?,"AI has the potential to transform education by personalizing learning experiences, automating administrative tasks for teachers, providing adaptive tutoring systems, analyzing student performance data for insights, and expanding access to quality education globally."
46,What is AI bias and how can it be addressed?,"AI bias refers to systematic errors in AI systems that result in unfair or discriminatory outcomes. It can be addressed through techniques such as data preprocessing, algorithmic fairness measures, diverse model training data, and ongoing monitoring."
47,What is the role of AI in personalized medicine?,"AI in personalized medicine involves analyzing patient data such as genomic information, medical history, and lifestyle factors to tailor treatments and therapies to individual patients, leading to more effective and targeted healthcare interventions."
48,What are some limitations of AI technologies?,"Some limitations of AI technologies include susceptibility to bias and errors, lack of common sense reasoning, interpretability challenges in complex models, dependency on quality and quantity of training data, and ethical and societal implications."
49,What is AI-driven automation and its benefits?,"AI-driven automation refers to the use of artificial intelligence to automate tasks and processes traditionally performed by humans. Its benefits include increased efficiency, productivity, accuracy, cost savings, and the ability to handle complex tasks at scale."
50,What are some ethical considerations in AI research and development?,"Ethical considerations in AI research and development include fairness and transparency in algorithms, privacy protection, accountability for AI decisions, preventing misuse and unintended consequences, and ensuring AI technologies benefit society as a whole."
51,What is the role of AI in natural language processing (NLP)?,"AI in natural language processing (NLP) enables machines to understand, interpret, and generate human language. It is used in applications such as language translation, sentiment analysis, chatbots, virtual assistants, and text summarization."
52,What is the impact of AI on employment and the workforce?,"The impact of AI on employment and the workforce includes job displacement in certain sectors, the creation of new job roles requiring AI skills, the need for lifelong learning and upskilling, changes in job tasks and roles, and potential shifts in the labor market dynamics."
53,What are some emerging trends in AI research and development?,"Some emerging trends in AI research and development include federated learning, quantum computing for AI, explainable AI, AI for social good, autonomous systems, AI-powered healthcare diagnostics, and AI-enhanced creativity and generative models."
54,What is the role of AI in financial services?,"AI in financial services includes applications such as algorithmic trading, fraud detection, risk management, customer service chatbots, personalized financial advice, credit scoring, and anti-money laundering compliance."
55,What is the difference between narrow AI and general AI?,"Narrow AI, also known as weak AI, is specialized in performing specific tasks, while general AI, also known as strong AI or artificial general intelligence (AGI), possesses human-like intelligence and can perform a wide range of tasks across different domains."
56,What is the role of AI in agriculture?,"AI in agriculture includes applications such as precision farming, crop monitoring, pest detection, yield optimization, irrigation management, and autonomous farming vehicles, contributing to increased efficiency and sustainability in food production."
57,What is the difference between supervised learning and unsupervised learning in AI?,"Supervised learning involves training a model on labeled data with input-output pairs, while unsupervised learning involves training on unlabeled data to discover patterns and structure in the data without explicit guidance."
58,What are some challenges in implementing AI in developing countries?,"Challenges in implementing AI in developing countries include limited access to technology and infrastructure, lack of skilled workforce, data privacy concerns, cultural barriers, resource constraints, and the digital divide between urban and rural areas."
59,What is the role of AI in transportation?,"AI in transportation includes applications such as autonomous vehicles, traffic management systems, predictive maintenance for infrastructure, route optimization, ride-sharing platforms, and smart logistics, aiming to improve safety and efficiency in mobility."
60,What are some applications of AI in gaming?,"Applications of AI in gaming include non-player character (NPC) behavior, procedural content generation, dynamic difficulty adjustment, player analytics for personalized experiences, and AI-powered game testing and debugging tools."
61,What is the Turing Test and its significance in AI?,The Turing Test is a measure of a machine's ability to exhibit intelligent behavior indistinguishable from that of a human. Its significance lies in evaluating AI systems' ability to demonstrate human-like intelligence and conversational skills.
62,What is the role of AI in environmental conservation?,"AI in environmental conservation includes applications such as species monitoring and protection, habitat mapping, illegal poaching detection, climate change modeling, pollution detection, and environmental impact assessment, contributing to biodiversity preservation."
63,What are some examples of AI applications in retail?,"Examples of AI applications in retail include personalized product recommendations, dynamic pricing optimization, inventory management, customer sentiment analysis, chatbots for customer service, and virtual try-on experiences."
64,What is the concept of AI explainability and why is it important in healthcare?,"AI explainability in healthcare refers to the ability to understand and interpret the decisions made by AI models in medical diagnosis and treatment. It is crucial for building trust, ensuring patient safety, and facilitating clinical decision-making by healthcare professionals."
65,What is the role of AI in disaster response and humanitarian aid?,"AI in disaster response and humanitarian aid includes applications such as early warning systems, damage assessment, resource allocation optimization, logistics planning, and social media analysis for crisis communication and situational awareness."
66,What is the role of AI in healthcare diagnostics?,"AI in healthcare diagnostics involves applications such as medical image analysis, disease prediction, drug discovery, genomics analysis, and personalized treatment recommendations, aiming to improve accuracy and efficiency in disease diagnosis."
67,What are some potential risks associated with AI deployment?,"Potential risks associated with AI deployment include job displacement, algorithmic bias and discrimination, privacy breaches, security vulnerabilities, lack of transparency, misuse of AI technologies, and societal impacts such as exacerbating inequalities."
68,What is reinforcement learning in AI?,"Reinforcement learning is a machine learning paradigm where an agent learns to make decisions by interacting with an environment, receiving feedback in the form of rewards or penalties based on its actions, with the goal of maximizing cumulative rewards over time."
69,How can AI be used to enhance cybersecurity defenses?,"AI can enhance cybersecurity defenses through applications such as threat detection, anomaly detection, behavior analysis, predictive analytics for risk assessment, automated response and mitigation, and adaptive security measures to counter evolving threats."
70,What is the role of AI in natural disaster prediction and management?,"AI in natural disaster prediction and management includes applications such as early warning systems, predictive modeling for seismic activity and weather patterns, risk assessment, evacuation planning, and resource allocation for disaster response and recovery."
71,What ethical considerations should be addressed in AI-powered decision-making systems?,"Ethical considerations in AI-powered decision-making systems include fairness, transparency, accountability, privacy protection, consent, bias mitigation, interpretability, explainability, and ensuring alignment with legal and regulatory frameworks."
72,What is the role of AI in content moderation on social media platforms?,"AI in content moderation on social media platforms involves applications such as detecting and filtering out inappropriate or harmful content, identifying fake news and misinformation, enforcing community guidelines, and protecting users from online harassment and abuse."
73,What are some challenges in implementing AI in the education sector?,"Challenges in implementing AI in the education sector include access to technology and digital infrastructure, integration with existing educational systems, teacher training and readiness, data privacy concerns, equitable access to AI-enabled education, and measuring impact on learning outcomes."
74,How can AI contribute to sustainability and environmental protection efforts?,"AI can contribute to sustainability and environmental protection efforts through applications such as energy optimization, waste reduction, environmental monitoring, climate modeling, wildlife conservation, smart resource management, and promoting renewable energy solutions."
75,What is the role of AI in cultural preservation and heritage conservation?,"AI in cultural preservation and heritage conservation includes applications such as digital restoration of artifacts, language preservation, historical document digitization, virtual museum experiences, and cultural heritage site management and conservation planning."
76,What is the difference between supervised and unsupervised learning?,"Supervised learning involves training a model on labeled data with input-output pairs, while unsupervised learning involves training on unlabeled data to discover patterns and structure in the data without explicit guidance."
77,Explain the bias-variance tradeoff in machine learning.,The bias-variance tradeoff refers to the balance between bias (error from overly simplistic models) and variance (error from overly complex models) in machine learning algorithms. It illustrates the tradeoff between model complexity and generalization performance.
78,"What is cross-validation, and why is it important in model evaluation?","Cross-validation is a technique used to assess the performance of a predictive model by partitioning the dataset into multiple subsets, training the model on some subsets, and evaluating it on the remaining subset(s). It helps to estimate the model's performance on unseen data and detect overfitting."
79,"What is feature engineering, and why is it important in machine learning?",Feature engineering is the process of creating new features or transforming existing features to improve a model's performance. It is important because the choice and quality of features significantly impact the effectiveness of machine learning algorithms.
80,Explain the concept of regularization in machine learning.,"Regularization is a technique used to prevent overfitting by adding a penalty term to the model's loss function, which discourages overly complex models. It helps to control model complexity and improve generalization performance on unseen data."
81,What are the assumptions of linear regression?,"Linear regression assumes that the relationship between the independent variables and the dependent variable is linear, the residuals are normally distributed, the residuals have constant variance (homoscedasticity), and the predictors are independent of each other."
82,What is the difference between classification and regression?,"Classification predicts discrete class labels, while regression predicts continuous numerical values."
83,"What is the curse of dimensionality, and how does it affect machine learning algorithms?",The curse of dimensionality refers to the problem of exponentially increasing data sparsity and computational complexity as the number of features (dimensions) increases. It affects machine learning algorithms by requiring larger amounts of data to effectively cover the feature space and by making distance-based methods less reliable.
84,Explain the difference between overfitting and underfitting.,"Overfitting occurs when a model learns to capture noise in the training data and performs poorly on unseen data, while underfitting occurs when a model is too simple to capture the underlying structure of the data and performs poorly on both training and unseen data."
85,"What are outliers, and how can they be detected and handled in a dataset?","Outliers are data points that significantly differ from the rest of the observations in a dataset. They can be detected using statistical methods such as z-scores or visual inspection of boxplots. Outliers can be handled by removing them, transforming the data, or using robust statistical methods."
86,What is the purpose of exploratory data analysis (EDA) in data science?,"Exploratory data analysis (EDA) is the process of visually and statistically exploring datasets to summarize their main characteristics, identify patterns, detect anomalies, and formulate hypotheses. It helps analysts understand the data better before applying more complex analysis techniques."
87,What is the difference between correlation and causation?,"Correlation refers to a statistical measure of the relationship between two variables, indicating how changes in one variable are associated with changes in another. Causation, on the other hand, implies a cause-and-effect relationship, indicating that changes in one variable directly cause changes in another."
88,"What is the Central Limit Theorem, and why is it important in statistics?","The Central Limit Theorem states that the sampling distribution of the sample mean approaches a normal distribution as the sample size increases, regardless of the shape of the population distribution. It is important because it allows us to make inferences about population parameters based on sample statistics and forms the basis of many statistical tests and procedures."
89,Explain the difference between a hypothesis test and a confidence interval.,"A hypothesis test is a statistical method used to make inferences about a population parameter based on sample data, while a confidence interval is a range of values estimated from sample data that likely contains the true population parameter with a certain level of confidence."
90,What are the assumptions of the t-test?,"The t-test assumes that the data follow a normal distribution, the samples are independent, and the variances of the populations are equal (for the equal variance t-test)."
91,"What is logistic regression, and when is it used?","Logistic regression is a statistical model used for binary classification tasks, where the dependent variable is categorical and has two outcomes. It predicts the probability of an event occurring based on one or more independent variables."
92,"What is clustering, and what are some common clustering algorithms?","Clustering is an unsupervised learning technique used to group similar objects together based on their characteristics. Common clustering algorithms include K-means, hierarchical clustering, DBSCAN, and Gaussian mixture models."
93,Explain the concept of dimensionality reduction. What are some techniques used for dimensionality reduction?,"Dimensionality reduction is the process of reducing the number of features or variables in a dataset while preserving most of the important information. Techniques include principal component analysis (PCA), t-distributed stochastic neighbor embedding (t-SNE), and linear discriminant analysis (LDA)."
94,"What is the ROC curve, and what does it represent?","The Receiver Operating Characteristic (ROC) curve is a graphical representation of the performance of a binary classification model across different thresholds. It plots the true positive rate (sensitivity) against the false positive rate (1 - specificity) for various threshold values, helping to evaluate the tradeoff between sensitivity and specificity."
95,Explain the difference between precision and recall.,"Precision is the proportion of true positive predictions among all positive predictions made by a classifier, while recall (or sensitivity) is the proportion of true positives that were correctly identified by the classifier among all actual positives in the data."
96,What is the difference between bagging and boosting in ensemble learning?,"Bagging (Bootstrap Aggregating) involves training multiple models independently on different subsets of the training data and then combining their predictions through averaging or voting. Boosting, on the other hand, trains models sequentially, where each subsequent model corrects the errors made by the previous ones, resulting in a strong learner."
97,What is the purpose of a confusion matrix in classification problems?,"A confusion matrix is a table that visualizes the performance of a classification model by comparing the actual class labels with the predicted class labels. It provides insights into the model's true positives, true negatives, false positives, and false negatives, which are used to calculate various performance metrics such as accuracy, precision, recall, and F1 score."
98,Explain the concept of ensemble learning and its benefits.,"Ensemble learning involves combining multiple individual models (learners) to improve prediction accuracy and robustness over single models. Its benefits include reduced overfitting, improved generalization performance, and increased stability and robustness of predictions."
99,What is the purpose of feature scaling in machine learning?,"Feature scaling is the process of standardizing or normalizing the range of features in a dataset to a similar scale. It helps to ensure that features contribute equally to model training, prevents dominance by features with larger scales, and improves the convergence speed and performance of certain algorithms."
100,What is the difference between a generative model and a discriminative model?,"A generative model learns the joint probability distribution of the input features and the target variable, allowing it to generate new samples from the learned distribution. A discriminative model directly learns the conditional probability distribution of the target variable given the input features, focusing on classification tasks."
101,"What are hyperparameters, and how are they different from model parameters?","Hyperparameters are configuration settings that are external to the model and are set before training. They control the learning process and affect the model's behavior and performance. Model parameters, on the other hand, are internal to the model and are learned during training to capture patterns and relationships in the data."
102,Explain the concept of feature importance in machine learning.,Feature importance refers to the relative contribution of each feature in a predictive model towards making accurate predictions. It helps to identify which features are most influential in explaining the target variable and provides insights into the underlying relationships between features and the target.
103,What is the purpose of regularization techniques such as L1 and L2 regularization?,"Regularization techniques such as L1 (Lasso) and L2 (Ridge) regularization are used to prevent overfitting in machine learning models by adding penalty terms to the loss function. They help to control the complexity of the model and reduce the magnitude of the model coefficients, leading to improved generalization performance on unseen data."
104,What is the difference between batch gradient descent and stochastic gradient descent?,"Batch gradient descent computes the gradient of the loss function with respect to the parameters using the entire training dataset, updating the parameters once per epoch. Stochastic gradient descent (SGD), on the other hand, computes the gradient and updates the parameters for each training example, making it faster and more scalable for large datasets."
105,What is the purpose of feature extraction in machine learning?,"Feature extraction is the process of transforming raw data into a set of relevant features that capture the essential characteristics of the data. It helps to reduce dimensionality, remove irrelevant information, and create informative representations that enhance the performance of machine learning algorithms."
